Abdou,U-1
Addo,U-2
Adeniran,U-3
Agarwal,U-4
Ahmad,U-5
Alawami,U-6
Alenezi,U-7
Ali,U-8
Alnabulsi,U-9
Alossaif,U-10
Alqurashi,U-11
Alshaawi,U-12
Altarfi,U-13
Alvarez,U-14
Alzahir,U-15
Alzahrani,U-16
Amin,U-17
Amini,U-18
Amjad,U-19
Ancheta,U-20
Andergiri,U-21
Ansari,U-22
Antonjeyanthiran,U-23
Apuyan,U-24
Arsenault,U-25
Arulrasa,U-26
Baher,U-27
Baig,U-28
Barnes,U-29
Bashkaran,U-30
Bawazir,U-31
Beckford,U-32
Bhangu,U-33
Bhuiya,U-34
Bhullar,U-35
BinAteeq,U-36
Brown,U-37
Bujara,U-38
Bukhari,U-39
Bullari,U-40
Butson,U-41
Carlisle,U-42
Cen,U-43
Chahal,U-44
Chan,U-45
Chattha,U-46
Chea,U-47
Cheung,U-48
Choudhry,U-49
Chun,U-50
Clarkson,U-51
Comben,U-52
Cross-Cooney,U-53
Cyrganowicz,U-54
Czuba,U-55
Dam,U-56
Dang,U-57
Dave,U-58
David,U-59
deCosta,U-60
DelaPena,U-61
DeLong,U-62
Demacio,U-63
Deshpande,U-64
Dymowski,U-65
Easwarakumar,U-66
Edmond,U-67
El-Rahi,U-68
Elziny,U-69
Farooq,U-70
Fluegel,U-71
Forero,U-72
Fromberger,U-73
Gandhi,U-74
George,U-75
Ghorpade,U-76
Gnanaguruparan,U-77
Gnanathasan,U-78
Gopikrishna,U-79
Gordon,U-80
Gray,U-81
Hack,U-82
Haddad,U-83
Hakeem,U-84
Haniff,U-85
Harris,U-86
Hasan,U-87
Herbert,U-88
Hidayat,U-89
Hopkins,U-90
Hussain,U-91
Jaffray,U-92
Jegatheeswaran,U-93
Jendruch,U-94
Jeyalingam,U-95
Johnston,U-96
Jones,U-97
Joson,U-98
Karim,U-99
Karunaithas,U-100
